
-----------------------================ INSERT NA TABLE CADASTRO =====-------------------------

insert into CADASTRO (REGISTRO_ID,MATRICULA,FONE,PIS,EMAIL,GRUPO,NUMERO_CRACHA,CADASTRO_ID) values (1,'1425634','114866285','142451','Cnajs@nsjdni.com','administrado','4125','20');
insert into CADASTRO (REGISTRO_ID,MATRICULA,FONE,PIS,EMAIL,GRUPO,NUMERO_CRACHA,CADASTRO_ID) values (2,'245782','116625993','1245789','skanui@smndk.com','gerencia','4587','21');
insert into CADASTRO (REGISTRO_ID,MATRICULA,FONE,PIS,EMAIL,GRUPO,NUMERO_CRACHA,CADASTRO_ID) values (3,'145879','175554693','225862','dkjscm@hsiko.com.br','geral','6589','22');
insert into CADASTRO (REGISTRO_ID,MATRICULA,FONE,PIS,EMAIL,GRUPO,NUMERO_CRACHA,CADASTRO_ID) values (4,'2145562','153433649','296875','nsodkokm@ldso.co.br','vendas','546','23');
insert into CADASTRO (REGISTRO_ID,MATRICULA,FONE,PIS,EMAIL,GRUPO,NUMERO_CRACHA,CADASTRO_ID) values (5,'52482','142549673','241636','llskiek@lsse.com','compras','5248','24');
insert into CADASTRO (REGISTRO_ID,MATRICULA,FONE,PIS,EMAIL,GRUPO,NUMERO_CRACHA,CADASTRO_ID) values (6,'2145879','145244871','2145278','mmsndi@natem.com.br','dba','7849','25');
insert into CADASTRO (REGISTRO_ID,MATRICULA,FONE,PIS,EMAIL,GRUPO,NUMERO_CRACHA,CADASTRO_ID) values (7,'245876','142574925','1365987','bnahsyuk@kkssk.com.br','windows','5249','26');

-----------------------================ INSERT NA TABLE FUNCIONARIO_TERCEIRO =====-------------------------

insert into FUNCIONARIO_TERCEIRO (FUNCIONARIOTERCEIRO_ID,NOME_FUNCIONARIO,CPF,SERVIÇO_PRESTADO,EMPRESA,OBSERVACAO,CADASTRO_CADASTRO_ID,TELEFONE_FUNCIONARIO,CNPJ,TELEFONE_EMPRESA) values (11,'joao pedro pereira','142548698','manutencao','ssdec','fazer sevdiço geral no ambiente','20','114866285','114866285114866','628511486');
insert into FUNCIONARIO_TERCEIRO (FUNCIONARIOTERCEIRO_ID,NOME_FUNCIONARIO,CPF,SERVIÇO_PRESTADO,EMPRESA,OBSERVACAO,CADASTRO_CADASTRO_ID,TELEFONE_FUNCIONARIO,CNPJ,TELEFONE_EMPRESA) values (12,'pedro silva','24584569','migracao','sfedff','fazer sevdiço geral no ambiente','21','116625993','116625993116625','599311662');
insert into FUNCIONARIO_TERCEIRO (FUNCIONARIOTERCEIRO_ID,NOME_FUNCIONARIO,CPF,SERVIÇO_PRESTADO,EMPRESA,OBSERVACAO,CADASTRO_CADASTRO_ID,TELEFONE_FUNCIONARIO,CNPJ,TELEFONE_EMPRESA) values (13,'jose oliveira','155458896','atividade','sffee','fazer sevdiço geral no ambiente','22','175554693','175554693175554','469317555');
insert into FUNCIONARIO_TERCEIRO (FUNCIONARIOTERCEIRO_ID,NOME_FUNCIONARIO,CPF,SERVIÇO_PRESTADO,EMPRESA,OBSERVACAO,CADASTRO_CADASTRO_ID,TELEFONE_FUNCIONARIO,CNPJ,TELEFONE_EMPRESA) values (14,'enzo moreira','156654526','treinamento','hfdv','fazer sevdiço geral no ambiente','23','153433649','153433649153433','364915343');
insert into FUNCIONARIO_TERCEIRO (FUNCIONARIOTERCEIRO_ID,NOME_FUNCIONARIO,CPF,SERVIÇO_PRESTADO,EMPRESA,OBSERVACAO,CADASTRO_CADASTRO_ID,TELEFONE_FUNCIONARIO,CNPJ,TELEFONE_EMPRESA) values (15,'henrique pedro','221458635','limpar ','dfgresd','fazer sevdiço geral no ambiente','24','142549673','142549673142549','967314254');
insert into FUNCIONARIO_TERCEIRO (FUNCIONARIOTERCEIRO_ID,NOME_FUNCIONARIO,CPF,SERVIÇO_PRESTADO,EMPRESA,OBSERVACAO,CADASTRO_CADASTRO_ID,TELEFONE_FUNCIONARIO,CNPJ,TELEFONE_EMPRESA) values (16,'juh oliveira','1245876635','administrar','dfgfdd','fazer sevdiço geral no ambiente','25','145244871','145244871145244','487114524');
insert into FUNCIONARIO_TERCEIRO (FUNCIONARIOTERCEIRO_ID,NOME_FUNCIONARIO,CPF,SERVIÇO_PRESTADO,EMPRESA,OBSERVACAO,CADASTRO_CADASTRO_ID,TELEFONE_FUNCIONARIO,CNPJ,TELEFONE_EMPRESA) values (17,'aline ','1666325415','mudanca','dfgrd','fazer sevdiço geral no ambiente','26','142574925','142574925142574','492514257');

-----------------------================ INSERT NA TABLE REGISTRO_PONTO =====-------------------------

insert into REGISTRO_PONTO (REGISTROPONTO_ID,NOME,MATRICULA,DATA_HORA_ENTRADA,DATA_HORA_SAIDA,OBSERVACAO,CADASTRO_CADASTRO_ID) values (30,'joao pedro pereira','1425634','24/05/2022 12:00','24/05/2022 22:00','saida registrada','20');
insert into REGISTRO_PONTO (REGISTROPONTO_ID,NOME,MATRICULA,DATA_HORA_ENTRADA,DATA_HORA_SAIDA,OBSERVACAO,CADASTRO_CADASTRO_ID) values (31,'pedro silva','245782','25/05/2022 12:00','25/05/2022 22:00','saida registrada','21');
insert into REGISTRO_PONTO (REGISTROPONTO_ID,NOME,MATRICULA,DATA_HORA_ENTRADA,DATA_HORA_SAIDA,OBSERVACAO,CADASTRO_CADASTRO_ID) values (32,'jose oliveira','145879','26/05/2022 12:00','26/05/2022 22:00','saida registrada','22');
insert into REGISTRO_PONTO (REGISTROPONTO_ID,NOME,MATRICULA,DATA_HORA_ENTRADA,DATA_HORA_SAIDA,OBSERVACAO,CADASTRO_CADASTRO_ID) values (33,'enzo moreira','2145562','27/05/2022 12:00','27/05/2022 22:00','saida registrada','23');
insert into REGISTRO_PONTO (REGISTROPONTO_ID,NOME,MATRICULA,DATA_HORA_ENTRADA,DATA_HORA_SAIDA,OBSERVACAO,CADASTRO_CADASTRO_ID) values (34,'henrique pedro','52482','28/05/2022 12:00','28/05/2022 22:00','saida registrada','24');
insert into REGISTRO_PONTO (REGISTROPONTO_ID,NOME,MATRICULA,DATA_HORA_ENTRADA,DATA_HORA_SAIDA,OBSERVACAO,CADASTRO_CADASTRO_ID) values (35,'juh oliveira','2145879','29/05/2022 12:00','29/05/2022 22:00','saida registrada','25');


-----------------------================ INSERT NA TABLE cargo =====-------------------------

insert into cargo (CARGO_ID,NOME_CARGO,NOME_FUNCIONARIO) values (110,'adm','joao pedro pereira');
insert into cargo (CARGO_ID,NOME_CARGO,NOME_FUNCIONARIO) values (210,'gerencia','pedro silva');
insert into cargo (CARGO_ID,NOME_CARGO,NOME_FUNCIONARIO) values (310,'geral','jose oliveira');
insert into cargo (CARGO_ID,NOME_CARGO,NOME_FUNCIONARIO) values (410,'vendas','enzo moreira');
insert into cargo (CARGO_ID,NOME_CARGO,NOME_FUNCIONARIO) values (510,'compras','henrique pedro');
insert into cargo (CARGO_ID,NOME_CARGO,NOME_FUNCIONARIO) values (610,'dba','juh oliveira');
insert into cargo (CARGO_ID,NOME_CARGO,NOME_FUNCIONARIO) values (710,'windows','aline ');



-----------------------================ INSERT NA TABLE FUNCIONARIO =====-------------------------

insert into FUNCIONARIO (FUNCIONARIO_ID,NOME,CPF,MATRICULA,HORARIO_TRABALHO,CARGO_CARGO_ID,SETOR,TORRE,CADASTRO_CADASTRO_ID,TELEFONE) values (1000,'joao pedro pereira','142548698','1425634','08:00 ate 17:00','110','sde','123','20','114866285');
insert into FUNCIONARIO (FUNCIONARIO_ID,NOME,CPF,MATRICULA,HORARIO_TRABALHO,CARGO_CARGO_ID,SETOR,TORRE,CADASTRO_CADASTRO_ID,TELEFONE) values (1001,'pedro silva','24584569','245782','08:00 ate 17:01','210','das','435','21','116625993');
insert into FUNCIONARIO (FUNCIONARIO_ID,NOME,CPF,MATRICULA,HORARIO_TRABALHO,CARGO_CARGO_ID,SETOR,TORRE,CADASTRO_CADASTRO_ID,TELEFONE) values (1002,'jose oliveira','155458896','145879','08:00 ate 17:02','310','def','657','23','175554693');
insert into FUNCIONARIO (FUNCIONARIO_ID,NOME,CPF,MATRICULA,HORARIO_TRABALHO,CARGO_CARGO_ID,SETOR,TORRE,CADASTRO_CADASTRO_ID,TELEFONE) values (1003,'enzo moreira','156654526','2145562','08:00 ate 17:03','410','frt','324','24','153433649');
insert into FUNCIONARIO (FUNCIONARIO_ID,NOME,CPF,MATRICULA,HORARIO_TRABALHO,CARGO_CARGO_ID,SETOR,TORRE,CADASTRO_CADASTRO_ID,TELEFONE) values (1004,'henrique pedro','221458635','52482','08:00 ate 17:04','510','gth','23','25','142549673');
insert into FUNCIONARIO (FUNCIONARIO_ID,NOME,CPF,MATRICULA,HORARIO_TRABALHO,CARGO_CARGO_ID,SETOR,TORRE,CADASTRO_CADASTRO_ID,TELEFONE) values (1005,'juh oliveira','1245876635','2145879','08:00 ate 17:05','710','eryw','9','26','145244871');



---------------------------------- Ambiente de Homologação -----------------------------

-----------------------================ INSERT NA TABLE CADASTRO_Hom =====-------------------------

insert into CADASTRO_Hom (REGISTRO_ID,MATRICULA,FONE,PIS,EMAIL,GRUPO,NUMERO_CRACHA,CADASTRO_ID) values (1,'1425634','114866285','142451','Cnajs@nsjdni.com','administrado','4125','20');
insert into CADASTRO_Hom (REGISTRO_ID,MATRICULA,FONE,PIS,EMAIL,GRUPO,NUMERO_CRACHA,CADASTRO_ID) values (2,'245782','116625993','1245789','skanui@smndk.com','gerencia','4587','21');
insert into CADASTRO_Hom (REGISTRO_ID,MATRICULA,FONE,PIS,EMAIL,GRUPO,NUMERO_CRACHA,CADASTRO_ID) values (3,'145879','175554693','225862','dkjscm@hsiko.com.br','geral','6589','22');
insert into CADASTRO_Hom (REGISTRO_ID,MATRICULA,FONE,PIS,EMAIL,GRUPO,NUMERO_CRACHA,CADASTRO_ID) values (4,'2145562','153433649','296875','nsodkokm@ldso.co.br','vendas','546','23');
insert into CADASTRO_Hom (REGISTRO_ID,MATRICULA,FONE,PIS,EMAIL,GRUPO,NUMERO_CRACHA,CADASTRO_ID) values (5,'52482','142549673','241636','llskiek@lsse.com','compras','5248','24');
insert into CADASTRO_Hom (REGISTRO_ID,MATRICULA,FONE,PIS,EMAIL,GRUPO,NUMERO_CRACHA,CADASTRO_ID) values (6,'2145879','145244871','2145278','mmsndi@natem.com.br','dba','7849','25');
insert into CADASTRO_Hom (REGISTRO_ID,MATRICULA,FONE,PIS,EMAIL,GRUPO,NUMERO_CRACHA,CADASTRO_ID) values (7,'245876','142574925','1365987','bnahsyuk@kkssk.com.br','windows','5249','26');

-----------------------================ INSERT NA TABLE FUNCIONARIO_TERCEIRO_Hom =====-------------------------

insert into FUNCIONARIO_TERCEIRO_Hom (FUNCIONARIOTERCEIRO_ID,NOME_FUNCIONARIO,CPF,SERVIÇO_PRESTADO,EMPRESA,OBSERVACAO,CADASTRO_CADASTRO_ID,TELEFONE_FUNCIONARIO,CNPJ,TELEFONE_EMPRESA) values (11,'joao pedro pereira','142548698','manutencao','ssdec','fazer sevdiço geral no ambiente','20','114866285','114866285114866','628511486');
insert into FUNCIONARIO_TERCEIRO_Hom (FUNCIONARIOTERCEIRO_ID,NOME_FUNCIONARIO,CPF,SERVIÇO_PRESTADO,EMPRESA,OBSERVACAO,CADASTRO_CADASTRO_ID,TELEFONE_FUNCIONARIO,CNPJ,TELEFONE_EMPRESA) values (12,'pedro silva','24584569','migracao','sfedff','fazer sevdiço geral no ambiente','21','116625993','116625993116625','599311662');
insert into FUNCIONARIO_TERCEIRO_Hom (FUNCIONARIOTERCEIRO_ID,NOME_FUNCIONARIO,CPF,SERVIÇO_PRESTADO,EMPRESA,OBSERVACAO,CADASTRO_CADASTRO_ID,TELEFONE_FUNCIONARIO,CNPJ,TELEFONE_EMPRESA) values (13,'jose oliveira','155458896','atividade','sffee','fazer sevdiço geral no ambiente','22','175554693','175554693175554','469317555');
insert into FUNCIONARIO_TERCEIRO_Hom (FUNCIONARIOTERCEIRO_ID,NOME_FUNCIONARIO,CPF,SERVIÇO_PRESTADO,EMPRESA,OBSERVACAO,CADASTRO_CADASTRO_ID,TELEFONE_FUNCIONARIO,CNPJ,TELEFONE_EMPRESA) values (14,'enzo moreira','156654526','treinamento','hfdv','fazer sevdiço geral no ambiente','23','153433649','153433649153433','364915343');
insert into FUNCIONARIO_TERCEIRO_Hom (FUNCIONARIOTERCEIRO_ID,NOME_FUNCIONARIO,CPF,SERVIÇO_PRESTADO,EMPRESA,OBSERVACAO,CADASTRO_CADASTRO_ID,TELEFONE_FUNCIONARIO,CNPJ,TELEFONE_EMPRESA) values (15,'henrique pedro','221458635','limpar ','dfgresd','fazer sevdiço geral no ambiente','24','142549673','142549673142549','967314254');
insert into FUNCIONARIO_TERCEIRO_Hom (FUNCIONARIOTERCEIRO_ID,NOME_FUNCIONARIO,CPF,SERVIÇO_PRESTADO,EMPRESA,OBSERVACAO,CADASTRO_CADASTRO_ID,TELEFONE_FUNCIONARIO,CNPJ,TELEFONE_EMPRESA) values (16,'juh oliveira','1245876635','administrar','dfgfdd','fazer sevdiço geral no ambiente','25','145244871','145244871145244','487114524');
insert into FUNCIONARIO_TERCEIRO_Hom (FUNCIONARIOTERCEIRO_ID,NOME_FUNCIONARIO,CPF,SERVIÇO_PRESTADO,EMPRESA,OBSERVACAO,CADASTRO_CADASTRO_ID,TELEFONE_FUNCIONARIO,CNPJ,TELEFONE_EMPRESA) values (17,'aline ','1666325415','mudanca','dfgrd','fazer sevdiço geral no ambiente','26','142574925','142574925142574','492514257');

-----------------------================ INSERT NA TABLE REGISTRO_PONTO_Hom =====-------------------------

insert into REGISTRO_PONTO_Hom (REGISTROPONTO_ID,NOME,MATRICULA,DATA_HORA_ENTRADA,DATA_HORA_SAIDA,OBSERVACAO,CADASTRO_CADASTRO_ID) values (30,'joao pedro pereira','1425634','24/05/2022 12:00','24/05/2022 22:00','saida registrada','20');
insert into REGISTRO_PONTO_Hom (REGISTROPONTO_ID,NOME,MATRICULA,DATA_HORA_ENTRADA,DATA_HORA_SAIDA,OBSERVACAO,CADASTRO_CADASTRO_ID) values (31,'pedro silva','245782','25/05/2022 12:00','25/05/2022 22:00','saida registrada','21');
insert into REGISTRO_PONTO_Hom (REGISTROPONTO_ID,NOME,MATRICULA,DATA_HORA_ENTRADA,DATA_HORA_SAIDA,OBSERVACAO,CADASTRO_CADASTRO_ID) values (32,'jose oliveira','145879','26/05/2022 12:00','26/05/2022 22:00','saida registrada','22');
insert into REGISTRO_PONTO_Hom (REGISTROPONTO_ID,NOME,MATRICULA,DATA_HORA_ENTRADA,DATA_HORA_SAIDA,OBSERVACAO,CADASTRO_CADASTRO_ID) values (33,'enzo moreira','2145562','27/05/2022 12:00','27/05/2022 22:00','saida registrada','23');
insert into REGISTRO_PONTO_Hom (REGISTROPONTO_ID,NOME,MATRICULA,DATA_HORA_ENTRADA,DATA_HORA_SAIDA,OBSERVACAO,CADASTRO_CADASTRO_ID) values (34,'henrique pedro','52482','28/05/2022 12:00','28/05/2022 22:00','saida registrada','24');
insert into REGISTRO_PONTO_Hom (REGISTROPONTO_ID,NOME,MATRICULA,DATA_HORA_ENTRADA,DATA_HORA_SAIDA,OBSERVACAO,CADASTRO_CADASTRO_ID) values (35,'juh oliveira','2145879','29/05/2022 12:00','29/05/2022 22:00','saida registrada','25');

-----------------------================ INSERT NA TABLE CARGO_HOM =====-------------------------

insert into CARGO_HOM (CARGO_ID,NOME_CARGO,NOME_FUNCIONARIO) values (110,'adm','joao pedro pereira');
insert into CARGO_HOM (CARGO_ID,NOME_CARGO,NOME_FUNCIONARIO) values (210,'gerencia','pedro silva');
insert into CARGO_HOM (CARGO_ID,NOME_CARGO,NOME_FUNCIONARIO) values (310,'geral','jose oliveira');
insert into CARGO_HOM (CARGO_ID,NOME_CARGO,NOME_FUNCIONARIO) values (410,'vendas','enzo moreira');
insert into CARGO_HOM (CARGO_ID,NOME_CARGO,NOME_FUNCIONARIO) values (510,'compras','henrique pedro');
insert into CARGO_HOM (CARGO_ID,NOME_CARGO,NOME_FUNCIONARIO) values (610,'dba','juh oliveira');
insert into CARGO_HOM (CARGO_ID,NOME_CARGO,NOME_FUNCIONARIO) values (710,'windows','aline ');

-----------------------================ INSERT NA TABLE FUNCIONARIO_HOM =====-------------------------

insert into FUNCIONARIO_HOM (FUNCIONARIO_ID,NOME,CPF,MATRICULA,HORARIO_TRABALHO,CARGO_CARGO_ID,SETOR,TORRE,CADASTRO_CADASTRO_ID,TELEFONE) values (1000,'joao pedro pereira','142548698','1425634','08:00 ate 17:00','110','sde','123','20','114866285');
insert into FUNCIONARIO_HOM (FUNCIONARIO_ID,NOME,CPF,MATRICULA,HORARIO_TRABALHO,CARGO_CARGO_ID,SETOR,TORRE,CADASTRO_CADASTRO_ID,TELEFONE) values (1001,'pedro silva','24584569','245782','08:00 ate 17:01','210','das','435','21','116625993');
insert into FUNCIONARIO_HOM (FUNCIONARIO_ID,NOME,CPF,MATRICULA,HORARIO_TRABALHO,CARGO_CARGO_ID,SETOR,TORRE,CADASTRO_CADASTRO_ID,TELEFONE) values (1002,'jose oliveira','155458896','145879','08:00 ate 17:02','310','def','657','23','175554693');
insert into FUNCIONARIO_HOM (FUNCIONARIO_ID,NOME,CPF,MATRICULA,HORARIO_TRABALHO,CARGO_CARGO_ID,SETOR,TORRE,CADASTRO_CADASTRO_ID,TELEFONE) values (1003,'enzo moreira','156654526','2145562','08:00 ate 17:03','410','frt','324','24','153433649');
insert into FUNCIONARIO_HOM (FUNCIONARIO_ID,NOME,CPF,MATRICULA,HORARIO_TRABALHO,CARGO_CARGO_ID,SETOR,TORRE,CADASTRO_CADASTRO_ID,TELEFONE) values (1004,'henrique pedro','221458635','52482','08:00 ate 17:04','510','gth','23','25','142549673');
insert into FUNCIONARIO_HOM (FUNCIONARIO_ID,NOME,CPF,MATRICULA,HORARIO_TRABALHO,CARGO_CARGO_ID,SETOR,TORRE,CADASTRO_CADASTRO_ID,TELEFONE) values (1005,'juh oliveira','1245876635','2145879','08:00 ate 17:05','710','eryw','9','26','145244871');

